Crisis_Risk_Score,ASIQ_Total_Score,Social_Isolation_Score,This thought was in my mind [I thought about how people would feel if I killed myself],This thought was in my mind [I thought it would be better if I was not alive],Friend_Risk,This thought was in my mind [I thought about how easy it would be to end it all],This thought was in my mind [I thought that life was not worth living],This thought was in my mind [I thought that people would be happier if I was not around],This thought was in my mind [I thought that no one cared if I lived or died],This thought was in my mind [I thought about having a bad accident],How many friends do you have?,This thought was in my mind [I thought that my life was too rotten to continue],This thought was in my mind [I thought that killing myself would solve my problems],This thought was in my mind [I thought that if I killed myself people would realize I was worth caring about],This thought was in my mind [I wished I were dead],"This thought was in my mind [I thought about killing myself, but would not do it]",This thought was in my mind [I wished that I had never been born],Have you ever experienced social exclusion or felt left out in social situations?,Social_Exclusion,Risk_Level
3,1,2,0,0,2,0,0,0,0,0,1,0,0,0,1,0,0,1,0,Medium
49,44,5,4,4,3,0,4,4,1,4,3,0,4,2,1,2,1,2,2,High
4,0,4,0,0,2,0,0,0,0,0,1,0,0,0,0,0,0,2,2,Medium
8,4,4,0,3,2,0,0,0,0,0,1,0,0,0,0,0,0,2,2,Medium
5,0,5,0,0,3,0,0,0,0,0,3,0,0,0,0,0,0,2,2,Medium
10,9,1,3,0,0,0,1,3,0,1,2,0,0,0,0,1,0,0,1,Medium
8,7,0,0,4,0,0,0,0,0,0,2,0,0,0,0,0,0,1,0,Medium
3,0,3,0,0,3,0,0,0,0,0,3,0,0,0,0,0,0,1,0,Medium
18,10,5,0,1,3,1,2,1,2,1,3,0,0,0,0,0,1,2,2,High
2,1,1,0,0,1,0,0,0,0,0,0,0,0,0,0,0,0,1,0,Low
0,0,0,0,0,0,0,0,0,0,0,2,0,0,0,0,0,0,1,0,Low
12,7,5,0,1,3,0,0,2,1,0,3,0,0,0,0,0,0,2,2,High
-1,0,1,0,0,1,0,0,0,0,0,0,0,0,0,0,0,0,1,0,Low
4,0,2,0,0,0,0,0,0,0,0,2,0,0,0,0,0,0,2,2,Medium
15,9,4,2,1,2,0,1,0,0,1,1,0,1,0,1,1,0,2,2,High
-2,0,1,0,0,0,0,0,0,0,0,2,0,0,0,0,0,0,0,1,Low
24,20,4,1,1,2,1,1,1,1,1,1,1,1,1,1,1,1,2,2,High
4,0,4,0,0,2,0,0,0,0,0,1,0,0,0,0,0,0,2,2,Medium
1,0,1,0,0,0,0,0,0,0,0,2,0,0,0,0,0,0,0,1,Low
1,1,0,0,0,0,0,0,0,0,0,2,0,0,0,0,0,0,1,0,Low
1,0,2,0,0,0,0,0,0,0,0,2,0,0,0,0,0,0,2,2,Low
25,23,0,0,3,0,1,2,0,4,0,2,2,1,1,3,1,3,1,0,High
30,28,2,2,2,0,2,0,1,0,0,2,3,0,3,0,0,0,2,2,High
0,0,0,0,0,0,0,0,0,0,0,2,0,0,0,0,0,0,1,0,Low
4,0,4,0,0,2,0,0,0,0,0,1,0,0,0,0,0,0,2,2,Medium
3,1,2,0,0,0,0,1,0,0,0,2,0,0,0,0,0,0,2,2,Medium
2,0,0,0,0,0,0,0,0,0,0,2,0,0,0,0,0,0,1,0,Low
5,4,1,2,0,1,0,0,0,0,0,0,0,0,0,1,0,0,1,0,Medium
-1,0,0,0,0,0,0,0,0,0,0,2,0,0,0,0,0,0,1,0,Low
6,0,4,0,0,2,0,0,0,0,0,1,0,0,0,0,0,0,2,2,Medium
4,0,4,0,0,2,0,0,0,0,0,1,0,0,0,0,0,0,2,2,Medium
3,0,3,0,0,2,0,0,0,0,0,1,0,0,0,0,0,0,0,1,Medium
7,6,0,0,2,0,0,0,0,0,0,2,0,0,0,0,0,0,1,0,Medium
33,28,3,0,2,1,2,0,2,2,2,0,2,2,0,2,2,2,2,2,High
3,3,0,0,1,0,0,0,0,0,0,2,0,0,0,0,0,0,1,0,Medium
3,0,3,0,0,2,0,0,0,0,0,1,0,0,0,0,0,0,0,1,Medium
111,107,3,6,6,2,6,6,6,0,0,1,5,6,0,6,0,6,0,1,High
1,0,0,0,0,0,0,0,0,0,0,2,0,0,0,0,0,0,1,0,Low
13,8,5,0,1,3,0,1,1,3,1,3,1,0,0,0,0,0,2,2,High
4,1,3,0,1,2,0,0,0,0,0,1,0,0,0,0,0,0,0,1,Medium
12,9,3,1,1,2,1,1,0,0,0,1,0,0,0,1,0,1,0,1,High
7,2,5,0,1,3,0,0,1,0,0,3,0,0,0,0,0,0,2,2,Medium
3,0,3,0,0,3,0,0,0,0,0,3,0,0,0,0,0,0,1,0,Medium
16,10,4,1,1,3,1,0,0,1,1,3,1,0,1,0,1,0,0,1,High
42,44,2,2,6,0,4,0,0,0,0,2,0,3,0,6,3,6,2,2,High
52,46,4,2,1,2,1,4,2,4,4,1,1,0,6,2,6,2,2,2,High
20,17,3,6,2,1,1,1,0,0,0,0,1,0,0,0,0,4,2,2,High
2,0,0,0,0,0,0,0,0,0,0,2,0,0,0,0,0,0,1,0,Low
9,7,2,0,1,0,0,1,0,0,1,2,0,1,0,1,0,1,2,2,Medium
39,34,4,3,5,2,0,3,4,1,2,1,1,2,2,2,1,3,2,2,High
2,0,2,0,0,2,0,0,0,0,0,1,0,0,0,0,0,0,1,0,Low
2,1,3,0,1,3,0,0,0,0,0,3,0,0,0,0,0,0,1,0,Low
4,2,2,0,1,1,0,0,1,0,0,0,0,0,0,0,0,0,0,1,Medium
96,94,0,4,3,0,4,4,3,3,4,2,5,4,4,3,3,4,1,0,High
1,0,2,0,0,0,0,0,0,0,0,2,0,0,0,0,0,0,2,2,Low
19,15,2,2,1,0,0,2,0,0,5,2,3,0,0,0,0,2,2,2,High
7,6,1,0,6,1,0,0,0,0,0,0,0,0,0,0,0,0,1,0,Medium
4,2,0,0,0,0,0,2,0,0,0,2,0,0,0,0,0,0,1,0,Medium
14,15,1,0,0,1,0,4,0,1,0,0,1,0,1,0,0,0,1,0,High
3,0,3,0,0,2,0,0,0,0,0,1,0,0,0,0,0,0,0,1,Medium
9,11,0,2,0,0,1,1,1,0,0,2,0,0,2,0,0,1,1,0,Medium
1,1,2,0,1,1,0,0,0,0,0,0,0,0,0,0,0,0,0,1,Low
5,3,2,1,0,0,0,0,0,0,0,2,0,0,0,0,0,0,2,2,Medium
13,9,4,1,1,2,0,0,0,1,1,1,0,0,0,0,1,0,2,2,High
2,0,2,0,0,2,0,0,0,0,0,1,0,0,0,0,0,0,1,0,Low
10,6,4,0,1,2,1,0,0,0,0,1,1,0,0,1,0,0,2,2,Medium
109,104,5,6,6,3,4,2,6,1,5,3,4,1,3,6,5,6,2,2,High
113,108,5,3,6,3,4,6,3,6,4,3,6,4,6,6,4,6,2,2,High
20,15,5,0,3,3,2,0,5,0,0,3,0,1,0,0,0,0,2,2,High
60,55,5,1,3,3,1,1,0,5,0,3,1,1,6,1,6,6,2,2,High
21,18,4,0,0,2,0,1,1,3,5,1,1,0,0,1,1,1,2,2,High
13,11,2,1,0,0,0,1,1,1,1,2,1,1,1,0,1,0,2,2,High
0,0,0,0,0,0,0,0,0,0,0,2,0,0,0,0,0,0,1,0,Low
2,0,2,0,0,2,0,0,0,0,0,1,0,0,0,0,0,0,1,0,Low
10,6,4,0,0,2,0,0,1,1,1,1,0,0,0,0,0,2,2,2,Medium
12,9,3,0,1,3,0,0,0,1,0,3,1,0,0,0,0,0,1,0,High
12,11,2,0,3,1,0,1,1,2,1,0,1,0,0,0,0,2,0,1,High
7,1,5,0,0,3,0,0,0,0,0,3,0,0,0,1,0,0,2,2,Medium
6,4,2,0,1,2,0,0,0,0,0,1,0,0,0,1,1,1,1,0,Medium
1,0,1,0,0,1,0,0,0,0,0,0,0,0,0,0,0,0,1,0,Low
0,0,0,0,0,0,0,0,0,0,0,2,0,0,0,0,0,0,1,0,Low
0,0,0,0,0,0,0,0,0,0,0,2,0,0,0,0,0,0,1,0,Low
0,0,0,0,0,0,0,0,0,0,0,2,0,0,0,0,0,0,1,0,Low
2,0,2,0,0,2,0,0,0,0,0,1,0,0,0,0,0,0,1,0,Low
19,17,2,1,1,1,0,2,0,0,2,0,1,0,0,1,1,0,0,1,High
4,2,2,0,0,0,0,1,0,0,0,2,1,0,0,0,0,0,2,2,Medium
10,6,4,0,0,2,0,0,0,1,1,1,1,0,1,0,0,0,2,2,Medium
11,6,5,0,0,3,0,0,1,0,3,3,0,0,0,0,0,2,2,2,Medium
1,1,2,0,0,2,0,0,0,0,0,1,0,0,0,1,0,0,1,0,Low
11,4,5,0,1,3,0,1,2,0,0,3,0,0,0,0,0,0,2,2,Medium
1,0,0,0,0,0,0,0,0,0,0,2,0,0,0,0,0,0,1,0,Low
4,1,3,0,0,2,0,0,0,0,0,1,0,0,0,0,0,0,0,1,Medium
13,9,2,0,1,0,1,0,0,1,0,2,0,1,0,1,1,1,2,2,High
9,9,0,0,1,0,1,0,0,1,0,2,0,1,0,1,1,1,1,0,Medium
11,4,5,0,0,3,0,1,0,1,0,3,0,0,1,0,0,0,2,2,Medium
78,75,3,4,5,3,5,0,5,2,3,3,1,2,1,3,1,3,1,0,High
-2,0,0,0,0,0,0,0,0,0,0,2,0,0,0,0,0,0,1,0,Low
57,55,2,2,3,2,3,2,2,2,2,1,2,3,2,3,2,2,1,0,High
13,9,4,0,0,3,1,1,1,0,0,3,0,1,0,0,0,3,0,1,High
3,0,3,0,0,3,0,0,0,0,0,3,0,0,0,0,0,0,1,0,Medium
32,29,4,2,0,3,2,2,2,2,2,3,2,2,2,1,2,2,0,1,High
0,0,1,0,0,1,0,0,0,0,0,0,0,0,0,0,0,0,1,0,Low
23,21,2,0,0,2,0,1,0,0,2,1,0,0,0,0,3,6,1,0,High
11,9,2,1,0,2,1,1,0,0,1,1,1,0,0,1,0,1,1,0,Medium
1,0,1,0,0,1,0,0,0,0,0,0,0,0,0,0,0,0,1,0,Low
12,8,5,0,1,3,0,1,1,0,0,3,1,1,0,0,0,0,2,2,High
14,9,5,0,1,3,0,2,1,0,0,3,0,0,0,2,0,1,2,2,High
12,7,5,0,1,3,0,1,1,0,0,3,0,1,0,0,0,0,2,2,High
3,1,2,0,0,2,0,0,1,0,0,1,0,0,0,0,0,0,1,0,Medium
8,5,3,0,5,3,0,0,0,0,0,3,0,0,0,0,0,0,1,0,Medium
6,3,3,0,0,3,0,0,0,0,0,3,0,0,0,1,0,1,1,0,Medium
8,5,3,0,5,3,0,0,0,0,0,3,0,0,0,0,0,0,1,0,Medium
7,5,2,0,0,2,0,1,0,0,1,1,1,0,0,0,0,0,1,0,Medium
1,0,0,0,0,0,0,0,0,0,0,2,0,0,0,0,0,0,1,0,Low
-2,0,0,0,0,0,0,0,0,0,0,2,0,0,0,0,0,0,1,0,Low
49,48,1,4,5,1,5,6,6,6,1,0,6,3,0,0,0,4,1,0,High
3,0,3,0,0,3,0,0,0,0,0,3,0,0,0,0,0,0,1,0,Medium
6,2,4,0,0,2,0,0,1,0,0,1,0,0,0,0,1,0,2,2,Medium
19,16,3,1,0,2,0,1,0,1,1,1,0,1,1,1,1,0,0,1,High
30,24,5,5,3,3,4,0,4,0,0,3,0,2,0,2,0,0,2,2,High
1,0,2,0,0,2,0,0,0,0,0,1,0,0,0,0,0,0,1,0,Low
0,0,1,0,0,1,0,0,0,0,0,0,0,0,0,0,0,0,1,0,Low
18,14,4,0,5,2,1,0,5,0,0,1,0,0,0,0,1,0,2,2,High
48,50,0,2,2,0,2,2,2,2,2,2,2,2,2,2,2,2,1,0,High
7,4,3,0,1,3,0,0,0,0,0,3,0,3,0,0,0,0,1,0,Medium
3,0,3,0,0,3,0,0,0,0,0,3,0,0,0,0,0,0,1,0,Medium
1,0,1,0,0,1,0,0,0,0,0,0,0,0,0,0,0,0,1,0,Low
3,0,1,0,0,1,0,0,0,0,0,0,0,0,0,0,0,0,1,0,Medium
0,0,1,0,0,1,0,0,0,0,0,0,0,0,0,0,0,0,1,0,Low
75,77,2,2,4,2,2,4,2,4,5,1,2,4,2,2,2,2,1,0,High
-1,0,1,0,0,0,0,0,0,0,0,2,0,0,0,0,0,0,0,1,Low
2,0,2,0,0,2,0,0,0,0,0,1,0,0,0,0,0,0,1,0,Low
11,12,0,1,4,0,0,0,0,0,0,2,0,0,0,2,0,0,1,0,Medium
8,6,2,1,1,2,1,1,1,1,0,1,0,0,0,0,0,0,1,0,Medium
108,106,2,5,6,2,3,3,5,5,5,1,3,2,3,3,5,5,1,0,High
-1,0,1,0,0,1,0,0,0,0,0,0,0,0,0,0,0,0,1,0,Low
77,72,5,5,6,3,6,1,5,1,2,3,1,5,5,6,5,5,2,2,High
0,0,0,0,0,0,0,0,0,0,0,2,0,0,0,0,0,0,1,0,Low
0,0,0,0,0,0,0,0,0,0,0,2,0,0,0,0,0,0,1,0,Low
0,0,0,0,0,0,0,0,0,0,0,2,0,0,0,0,0,0,1,0,Low
2,0,2,0,0,2,0,0,0,0,0,1,0,0,0,0,0,0,1,0,Low
3,0,3,0,0,1,0,0,0,0,0,0,0,0,0,0,0,0,2,2,Medium
2,0,2,0,0,2,0,0,0,0,0,1,0,0,0,0,0,0,1,0,Low
20,17,5,4,2,3,2,0,4,1,0,3,0,0,0,0,0,2,2,2,High
22,19,3,1,1,2,1,1,1,0,0,1,1,1,1,1,1,1,0,1,High
17,15,2,0,0,1,0,1,4,0,0,0,1,0,1,0,1,0,0,1,High
1,0,1,0,0,0,0,0,0,0,0,2,0,0,0,0,0,0,0,1,Low
9,6,5,0,1,3,0,0,1,0,1,3,0,0,0,1,0,2,2,2,Medium
0,0,2,0,0,2,0,0,0,0,0,1,0,0,0,0,0,0,1,0,Low
1,0,1,0,0,1,0,0,0,0,0,0,0,0,0,0,0,0,1,0,Low
4,0,2,0,0,2,0,0,0,0,0,1,0,0,0,0,0,0,1,0,Medium
24,21,5,1,1,3,1,1,2,1,1,3,1,0,0,1,1,1,2,2,High
72,70,3,3,0,3,3,5,1,2,5,3,3,1,1,5,6,4,1,0,High
0,0,0,0,0,0,0,0,0,0,0,2,0,0,0,0,0,0,1,0,Low
3,0,2,0,0,2,0,0,0,0,0,1,0,0,0,0,0,0,1,0,Medium
0,0,2,0,0,2,0,0,0,0,0,1,0,0,0,0,0,0,1,0,Low
0,0,0,0,0,0,0,0,0,0,0,2,0,0,0,0,0,0,1,0,Low
77,75,4,3,3,2,3,3,3,3,3,1,3,3,3,3,3,3,2,2,High
5,3,2,0,1,2,0,0,1,0,0,1,0,1,0,0,0,0,1,0,Medium
1,0,1,0,0,1,0,0,0,0,0,0,0,0,0,0,0,0,1,0,Low
22,15,5,0,0,3,0,0,6,0,4,3,0,0,5,0,0,0,2,2,High
27,25,5,0,4,3,2,0,2,0,0,3,0,0,6,0,0,0,2,2,High
3,0,3,0,0,3,0,0,0,0,0,3,0,0,0,0,0,0,1,0,Medium
7,6,1,0,0,1,1,1,0,0,0,0,1,0,0,0,0,1,1,0,Medium
0,0,0,0,0,0,0,0,0,0,0,2,0,0,0,0,0,0,1,0,Low
7,7,1,0,0,1,0,1,0,0,1,0,1,0,0,1,1,0,1,0,Medium
0,0,0,0,0,0,0,0,0,0,0,2,0,0,0,0,0,0,1,0,Low
14,10,4,0,0,2,1,0,0,0,0,1,0,0,1,1,1,0,2,2,High
9,5,4,0,0,2,1,1,0,0,0,1,1,0,0,1,0,0,2,2,Medium
79,75,2,0,1,2,3,5,6,5,0,1,5,6,3,0,6,5,1,0,High
1,0,3,0,0,1,0,0,0,0,0,0,0,0,0,0,0,0,2,2,Low
5,0,5,0,0,3,0,0,0,0,0,3,0,0,0,0,0,0,2,2,Medium
120,120,0,5,4,0,4,5,4,5,5,2,5,5,5,5,5,5,1,0,High
122,119,3,4,5,3,5,5,5,5,5,3,5,5,5,5,4,5,1,0,High
141,136,5,6,5,3,6,5,6,5,5,3,6,5,5,6,5,5,2,2,High
7,0,5,0,0,3,0,0,0,0,0,3,0,0,0,0,0,0,2,2,Medium
2,0,0,0,0,0,0,0,0,0,0,2,0,0,0,0,0,0,1,0,Low
27,25,1,1,1,0,1,1,1,1,1,2,1,1,1,1,1,1,0,1,High
19,19,0,1,6,0,0,0,0,1,1,2,1,0,1,1,1,1,1,0,High
17,12,5,0,0,3,0,0,6,6,0,3,0,0,0,0,0,0,2,2,High
6,4,2,0,0,2,0,0,0,4,0,1,0,0,0,0,0,0,1,0,Medium
12,7,4,1,1,2,1,0,0,0,0,1,0,0,0,0,1,1,2,2,High
6,0,4,0,0,2,0,0,0,0,0,1,0,0,0,0,0,0,2,2,Medium
129,125,2,5,5,0,5,5,5,5,5,2,5,5,5,5,5,5,2,2,High
8,4,4,0,0,2,1,0,0,0,3,1,0,0,0,0,0,0,2,2,Medium
141,136,4,6,6,3,5,6,6,6,6,3,5,4,5,6,5,5,0,1,High
94,91,3,6,6,2,3,2,2,5,5,1,3,6,2,5,0,3,0,1,High
67,64,3,4,3,3,3,3,3,1,3,3,2,3,3,4,3,3,1,0,High
6,0,4,0,0,2,0,0,0,0,0,1,0,0,0,0,0,0,2,2,Medium
11,9,4,0,1,2,0,0,0,0,0,1,0,0,0,0,0,6,2,2,Medium
12,8,4,0,2,2,0,0,2,0,1,1,0,0,0,2,0,0,2,2,High
100,95,5,5,6,3,5,3,4,3,5,3,5,3,5,3,3,5,2,2,High
6,2,2,0,0,1,0,0,0,0,2,0,0,0,0,0,0,0,0,1,Medium
19,13,4,0,2,2,0,0,0,1,2,1,0,0,0,0,0,0,2,2,High
2,0,2,0,0,2,0,0,0,0,0,1,0,0,0,0,0,0,1,0,Low
2,0,1,0,0,0,0,0,0,0,0,2,0,0,0,0,0,0,0,1,Low
0,0,0,0,0,0,0,0,0,0,0,2,0,0,0,0,0,0,1,0,Low
6,3,1,0,1,0,0,0,1,0,0,2,0,0,0,0,1,0,0,1,Medium
11,10,0,0,0,0,1,2,0,2,0,2,2,1,0,0,0,1,1,0,Medium
2,0,2,0,0,2,0,0,0,0,0,1,0,0,0,0,0,0,1,0,Low
79,75,4,3,3,2,3,3,3,3,3,1,3,3,3,3,3,3,2,2,High
27,25,4,1,1,2,1,1,1,1,1,1,1,1,1,1,1,1,2,2,High
5,1,4,0,1,2,0,0,0,0,0,1,0,0,0,0,0,0,2,2,Medium
73,75,0,3,3,0,3,3,3,3,3,2,3,3,3,3,3,3,1,0,High
6,5,0,0,5,0,0,0,0,0,0,2,0,0,0,0,0,0,1,0,Medium
141,138,3,5,6,3,6,6,6,6,6,3,6,6,6,5,5,6,1,0,High
2,0,2,0,0,1,0,0,0,0,0,0,0,0,0,0,0,0,0,1,Low
8,5,3,0,0,3,0,1,0,1,0,3,0,0,0,0,1,0,1,0,Medium
8,5,5,0,1,3,0,0,1,0,0,3,0,1,0,1,0,0,2,2,Medium
8,6,2,0,0,2,0,6,0,0,0,1,0,0,0,0,0,0,1,0,Medium
3,0,3,0,0,3,0,0,0,0,0,3,0,0,0,0,0,0,1,0,Medium
0,0,0,0,0,0,0,0,0,0,0,2,0,0,0,0,0,0,1,0,Low
2,0,0,0,0,0,0,0,0,0,0,2,0,0,0,0,0,0,1,0,Low
14,12,0,0,0,0,0,0,0,0,0,2,0,0,0,0,0,0,1,0,High
25,21,2,1,1,0,1,1,0,1,1,2,1,1,1,1,0,1,2,2,High
7,4,3,0,1,2,0,0,2,0,0,1,0,0,0,0,0,0,0,1,Medium
11,8,3,0,1,1,0,0,2,0,0,0,0,1,0,0,0,0,2,2,Medium
4,1,3,0,0,2,0,0,0,0,1,1,0,0,0,0,0,0,0,1,Medium
21,14,5,0,3,3,0,0,0,0,0,3,0,0,0,1,0,6,2,2,High
5,3,2,0,3,0,0,0,0,0,0,2,0,0,0,0,0,0,2,2,Medium
22,18,3,0,4,1,1,0,6,2,0,0,0,0,0,0,0,1,2,2,High
24,20,4,1,4,2,1,0,4,0,0,1,0,2,0,2,1,0,2,2,High
8,5,3,0,1,1,0,1,2,0,1,0,0,0,0,0,0,0,2,2,Medium
1,1,0,0,0,0,0,0,1,0,0,2,0,0,0,0,0,0,1,0,Low
4,2,2,1,0,2,0,0,0,0,0,1,0,0,1,0,0,0,1,0,Medium
6,2,4,0,0,2,0,1,0,0,0,1,1,0,0,0,0,0,2,2,Medium
9,2,5,0,0,3,0,0,0,0,0,3,0,0,0,0,0,0,2,2,Medium
54,56,0,1,6,0,6,6,6,6,6,2,0,6,0,1,0,6,1,0,High
5,5,0,0,2,0,0,0,1,0,0,2,0,1,0,0,0,0,1,0,Medium
5,0,3,0,0,1,0,0,0,0,0,0,0,0,0,0,0,0,2,2,Medium
17,11,4,1,1,2,0,0,4,1,1,1,0,0,1,0,1,0,2,2,High
20,13,5,1,1,3,0,1,1,0,2,3,1,1,0,0,1,0,2,2,High
46,38,5,6,3,3,0,1,6,6,1,3,0,0,6,1,1,0,2,2,High
4,0,4,0,0,2,0,0,0,0,0,1,0,0,0,0,0,0,2,2,Medium
29,26,3,4,1,1,0,1,4,1,0,0,0,0,2,0,2,0,2,2,High
2,0,2,0,0,0,0,0,0,0,0,2,0,0,0,0,0,0,2,2,Low
2,2,0,0,1,0,0,0,1,0,0,2,0,0,0,0,0,0,1,0,Low
6,6,2,1,1,2,0,0,0,0,0,1,0,0,0,0,0,3,1,0,Medium
4,3,1,0,0,0,0,0,2,0,1,2,0,0,0,0,0,0,0,1,Medium
10,4,4,1,0,2,0,0,1,0,1,1,0,0,0,0,0,0,2,2,Medium
9,4,5,0,0,3,0,0,0,0,1,3,0,0,0,0,0,1,2,2,Medium
6,3,3,0,1,1,0,0,2,0,0,0,0,0,0,0,0,0,2,2,Medium
11,9,2,0,0,2,0,0,0,4,5,1,0,0,0,0,0,0,1,0,Medium
3,0,3,0,0,3,0,0,0,0,0,3,0,0,0,0,0,0,1,0,Medium
3,0,3,0,0,3,0,0,0,0,0,3,0,0,0,0,0,0,1,0,Medium
4,0,2,0,0,0,0,0,0,0,0,2,0,0,0,0,0,0,2,2,Medium
131,126,5,6,6,3,6,0,6,6,0,3,3,6,6,0,6,6,2,2,High
3,2,1,0,1,1,0,0,1,0,0,0,0,0,0,0,0,0,1,0,Medium
5,1,4,0,0,2,0,0,1,0,0,1,0,0,0,0,0,0,2,2,Medium
0,0,0,0,0,0,0,0,0,0,0,2,0,0,0,0,0,0,1,0,Low
-2,0,0,0,0,0,0,0,0,0,0,2,0,0,0,0,0,0,1,0,Low
30,29,3,2,2,3,2,3,1,1,2,3,1,1,2,1,1,2,1,0,High
75,75,2,3,3,0,3,3,3,3,3,2,3,3,3,3,3,3,2,2,High
4,0,2,0,0,0,0,0,0,0,0,2,0,0,0,0,0,0,2,2,Medium
1,0,0,0,0,0,0,0,0,0,0,2,0,0,0,0,0,0,1,0,Low
4,3,2,0,1,0,0,0,1,1,0,2,0,0,0,0,0,0,2,2,Medium
2,0,2,0,0,2,0,0,0,0,0,1,0,0,0,0,0,0,1,0,Low
2,1,3,0,0,1,0,0,1,0,0,0,0,0,0,0,0,0,2,2,Low
47,40,5,6,3,3,4,1,6,6,1,3,1,0,1,4,1,4,2,2,High
11,10,1,0,1,0,0,1,0,0,2,2,0,0,1,1,2,1,0,1,Medium
4,3,1,0,0,0,0,0,0,0,0,2,0,0,1,0,0,0,0,1,Medium
5,2,3,0,0,2,0,1,1,0,0,1,0,0,0,0,0,0,0,1,Medium
0,0,0,0,0,0,0,0,0,0,0,2,0,0,0,0,0,0,1,0,Low
8,0,5,0,0,3,0,0,0,0,0,3,0,0,0,0,0,0,2,2,Medium
5,0,5,0,0,3,0,0,0,0,0,3,0,0,0,0,0,0,2,2,Medium
3,0,5,0,0,3,0,0,0,0,0,3,0,0,0,0,0,0,2,2,Medium
0,0,0,0,0,0,0,0,0,0,0,2,0,0,0,0,0,0,1,0,Low
12,11,2,2,0,0,0,4,1,0,3,2,0,0,0,0,0,0,2,2,High
1,0,1,0,0,0,0,0,0,0,0,2,0,0,0,0,0,0,0,1,Low
19,15,4,1,0,2,1,2,2,0,0,1,1,1,1,0,1,0,2,2,High
5,3,2,0,1,1,0,0,1,0,0,0,1,0,0,0,0,0,0,1,Medium
6,1,5,0,0,3,0,0,1,0,0,3,0,0,0,0,0,0,2,2,Medium
2,0,0,0,0,0,0,0,0,0,0,2,0,0,0,0,0,0,1,0,Low
1,0,0,0,0,0,0,0,0,0,0,2,0,0,0,0,0,0,1,0,Low
0,0,1,0,0,0,0,0,0,0,0,2,0,0,0,0,0,0,0,1,Low
3,0,3,0,0,3,0,0,0,0,0,3,0,0,0,0,0,0,1,0,Medium
6,4,0,0,0,0,1,0,0,0,1,2,0,0,1,0,0,0,1,0,Medium
1,0,1,0,0,1,0,0,0,0,0,0,0,0,0,0,0,0,1,0,Low
26,22,4,1,0,2,2,1,1,1,1,1,2,1,1,1,1,1,2,2,High
45,38,5,1,3,3,1,2,5,2,1,3,2,1,1,2,1,3,2,2,High
10,5,4,1,0,2,0,0,1,0,1,1,0,0,0,0,0,0,2,2,Medium
75,75,0,3,3,0,3,3,3,3,3,2,3,3,3,3,3,3,1,0,High
10,5,3,0,1,1,0,0,0,0,0,0,0,1,0,1,0,0,2,2,Medium
9,6,5,0,1,3,0,0,1,0,0,3,0,0,0,1,0,0,2,2,Medium
2,1,1,0,0,1,0,0,0,0,1,0,0,0,0,0,0,0,1,0,Low
82,78,4,5,3,2,2,4,6,4,5,1,4,0,4,4,1,5,2,2,High
19,17,2,2,1,0,1,1,1,1,3,2,1,0,2,1,1,0,2,2,High
4,0,4,0,0,2,0,0,0,0,0,1,0,0,0,0,0,0,2,2,Medium
69,66,3,0,6,3,6,6,0,6,3,3,6,6,0,6,3,6,1,0,High
5,0,3,0,0,3,0,0,0,0,0,3,0,0,0,0,0,0,1,0,Medium
68,67,2,2,5,2,4,1,5,6,0,1,0,6,6,0,5,6,1,0,High
22,19,3,0,0,2,0,2,0,0,2,1,0,0,0,0,0,0,0,1,High
28,22,4,1,1,2,1,3,0,0,2,1,3,2,2,0,0,0,2,2,High
6,4,2,0,1,0,0,0,0,0,1,2,1,0,0,0,0,0,2,2,Medium
0,0,0,0,0,0,0,0,0,0,0,2,0,0,0,0,0,0,1,0,Low
33,31,2,2,3,2,3,0,2,1,3,1,1,1,0,2,1,1,1,0,High
18,16,2,1,1,1,0,0,2,0,2,0,1,1,2,1,0,0,0,1,High
21,17,2,1,1,2,1,1,1,0,1,1,0,1,0,1,1,1,1,0,High
1,1,0,0,1,0,0,0,0,0,0,2,0,0,0,0,0,0,1,0,Low
0,0,1,0,0,1,0,0,0,0,0,0,0,0,0,0,0,0,1,0,Low
7,0,3,0,0,1,0,0,0,0,0,0,0,0,0,0,0,0,2,2,Medium
32,32,1,3,3,0,0,2,2,0,2,2,1,3,2,1,0,1,0,1,High
14,12,2,0,0,2,0,4,1,2,1,1,0,0,1,0,0,2,1,0,High
43,38,4,3,2,2,3,0,3,3,3,1,0,1,0,3,4,0,2,2,High
28,26,2,3,3,2,0,0,3,4,0,1,0,0,0,0,0,3,1,0,High
34,32,3,1,0,3,0,3,3,2,1,3,2,2,3,0,0,5,1,0,High
13,8,3,1,1,3,0,0,0,0,1,3,0,1,0,0,1,0,1,0,High
10,10,0,1,0,0,0,0,6,1,0,2,0,0,1,0,1,0,1,0,Medium
13,8,3,2,0,3,0,0,1,0,1,3,0,0,1,1,0,0,1,0,High
2,0,2,0,0,1,0,0,0,0,0,0,0,0,0,0,0,0,0,1,Low
85,80,5,3,5,3,6,6,2,5,4,3,5,6,4,3,0,4,2,2,High
102,100,4,5,4,2,3,4,4,4,4,1,4,4,4,4,4,4,2,2,High
2,0,3,0,0,3,0,0,0,0,0,3,0,0,0,0,0,0,1,0,Low
0,0,0,0,0,0,0,0,0,0,0,2,0,0,0,0,0,0,1,0,Low
0,0,0,0,0,0,0,0,0,0,0,2,0,0,0,0,0,0,1,0,Low
4,0,4,0,0,3,0,0,0,0,0,3,0,0,0,0,0,0,0,1,Medium
2,0,2,0,0,2,0,0,0,0,0,1,0,0,0,0,0,0,1,0,Low
1,0,1,0,0,1,0,0,0,0,0,0,0,0,0,0,0,0,1,0,Low
4,2,2,0,0,2,0,0,0,0,0,1,0,0,2,0,0,0,1,0,Medium
1,0,1,0,0,1,0,0,0,0,0,0,0,0,0,0,0,0,1,0,Low
2,0,2,0,0,2,0,0,0,0,0,1,0,0,0,0,0,0,1,0,Low
4,4,0,1,0,0,0,0,0,0,0,2,0,1,1,0,0,0,1,0,Medium
2,0,2,0,0,2,0,0,0,0,0,1,0,0,0,0,0,0,1,0,Low
1,0,1,0,0,0,0,0,0,0,0,2,0,0,0,0,0,0,0,1,Low
1,0,1,0,0,0,0,0,0,0,0,2,0,0,0,0,0,0,0,1,Low
0,0,0,0,0,0,0,0,0,0,0,2,0,0,0,0,0,0,1,0,Low
5,3,2,0,1,0,0,0,0,0,0,2,0,0,0,0,0,1,2,2,Medium
8,6,2,0,0,1,0,0,0,0,2,0,0,0,0,0,0,0,0,1,Medium
2,0,2,0,0,2,0,0,0,0,0,1,0,0,0,0,0,0,1,0,Low
63,55,5,2,6,3,2,1,3,3,1,3,2,2,3,2,1,1,2,2,High
43,39,2,6,0,2,1,2,5,0,6,1,0,0,0,4,0,3,1,0,High
6,0,4,0,0,3,0,0,0,0,0,3,0,0,0,0,0,0,0,1,Medium
29,25,4,1,1,3,1,1,1,1,1,3,1,1,1,1,1,1,0,1,High
7,4,1,1,0,1,1,0,1,0,0,0,0,0,1,0,0,0,1,0,Medium
13,13,0,0,0,0,0,2,2,0,2,2,0,0,0,0,2,0,1,0,High
1,0,1,0,0,1,0,0,0,0,0,0,0,0,0,0,0,0,1,0,Low
3,0,3,0,0,1,0,0,0,0,0,0,0,0,0,0,0,0,2,2,Medium
68,68,2,5,6,2,0,3,6,3,3,1,3,0,3,6,3,3,1,0,High
16,16,2,3,0,2,1,1,0,1,5,1,0,0,0,0,1,1,1,0,High
1,0,3,0,0,2,0,0,0,0,0,1,0,0,0,0,0,0,0,1,Low
-3,0,0,0,0,0,0,0,0,0,0,2,0,0,0,0,0,0,1,0,Low
27,23,4,0,5,2,0,3,0,1,5,1,5,0,0,0,1,0,2,2,High
77,78,2,1,6,0,3,0,0,4,1,2,1,4,3,2,2,5,2,2,High
5,0,4,0,0,2,0,0,0,0,0,1,0,0,0,0,0,0,2,2,Medium
-1,0,1,0,0,1,0,0,0,0,0,0,0,0,0,0,0,0,1,0,Low
0,0,0,0,0,0,0,0,0,0,0,2,0,0,0,0,0,0,1,0,Low
0,0,0,0,0,0,0,0,0,0,0,2,0,0,0,0,0,0,1,0,Low
117,115,2,5,6,2,3,5,6,6,6,1,4,4,5,4,5,5,1,0,High
3,0,1,0,0,1,0,0,0,0,0,0,0,0,0,0,0,0,1,0,Medium
3,0,3,0,0,1,0,0,0,0,0,0,0,0,0,0,0,0,2,2,Medium
57,55,1,2,2,1,2,2,2,2,2,0,2,2,2,2,6,2,1,0,High
9,5,4,1,0,2,0,0,1,1,1,1,0,0,0,0,1,0,2,2,Medium
16,16,2,0,6,0,0,0,0,0,0,2,0,0,0,0,0,0,2,2,High
29,25,2,1,1,2,1,1,1,1,1,1,1,1,1,1,1,1,1,0,High
29,21,4,4,1,2,6,1,2,1,1,1,1,0,1,0,1,1,2,2,High
1,0,1,0,0,1,0,0,0,0,0,0,0,0,0,0,0,0,1,0,Low
17,12,3,1,4,2,1,1,1,0,1,1,1,0,1,0,0,1,0,1,High
11,9,2,0,0,2,2,0,1,0,2,1,0,0,2,0,0,2,1,0,Medium
3,2,0,0,0,0,0,0,0,0,0,2,0,0,0,0,0,0,1,0,Medium
0,0,0,0,0,0,0,0,0,0,0,2,0,0,0,0,0,0,1,0,Low
0,0,0,0,0,0,0,0,0,0,0,2,0,0,0,0,0,0,1,0,Low
1,1,0,0,0,0,0,0,0,0,0,2,0,0,0,0,0,1,1,0,Low
2,0,2,0,0,2,0,0,0,0,0,1,0,0,0,0,0,0,1,0,Low
4,1,3,0,0,3,0,1,0,0,0,3,0,0,0,0,0,0,1,0,Medium
0,0,0,0,0,0,0,0,0,0,0,2,0,0,0,0,0,0,1,0,Low
1,0,3,0,0,3,0,0,0,0,0,3,0,0,0,0,0,0,1,0,Low
7,2,5,0,0,3,0,0,0,0,1,3,0,0,0,0,0,0,2,2,Medium
3,0,3,0,0,3,0,0,0,0,0,3,0,0,0,0,0,0,1,0,Medium
2,0,2,0,0,1,0,0,0,0,0,0,0,0,0,0,0,0,0,1,Low
12,10,2,0,6,2,0,0,1,0,0,1,0,0,1,0,0,1,1,0,High
3,0,2,0,0,2,0,0,0,0,0,1,0,0,0,0,0,0,1,0,Medium
36,33,3,2,2,3,2,1,2,1,2,3,2,1,2,2,1,1,1,0,High
18,16,2,1,1,1,1,2,4,2,1,0,0,0,2,0,0,2,0,1,High
41,37,0,1,4,0,4,1,0,0,4,2,0,4,0,4,1,2,1,0,High
0,0,0,0,0,0,0,0,0,0,0,2,0,0,0,0,0,0,1,0,Low
74,71,5,1,5,3,4,5,2,5,0,3,6,4,5,5,1,5,2,2,High
0,0,0,0,0,0,0,0,0,0,0,2,0,0,0,0,0,0,1,0,Low
25,25,0,6,0,0,0,0,6,0,1,2,0,6,0,0,0,0,1,0,High
4,3,2,0,1,2,0,0,0,1,0,1,0,0,0,0,0,1,1,0,Medium
7,2,5,0,1,3,0,0,0,0,0,3,0,0,0,0,1,0,2,2,Medium
1,1,0,0,1,0,0,0,0,0,0,2,0,0,0,0,0,0,1,0,Low
-2,0,0,0,0,0,0,0,0,0,0,2,0,0,0,0,0,0,1,0,Low
3,0,3,0,0,3,0,0,0,0,0,3,0,0,0,0,0,0,1,0,Medium
2,1,0,0,0,0,0,0,0,0,0,2,0,0,0,0,0,0,1,0,Low
17,11,5,0,3,3,0,0,0,0,6,3,0,0,0,0,1,0,2,2,High
42,37,5,2,2,3,2,6,6,6,1,3,6,0,0,2,0,0,2,2,High
1,0,1,0,0,1,0,0,0,0,0,0,0,0,0,0,0,0,1,0,Low
2,0,2,0,0,2,0,0,0,0,0,1,0,0,0,0,0,0,1,0,Low
7,7,0,0,0,0,0,0,0,0,0,2,0,0,0,0,1,0,1,0,Medium
-1,1,0,0,0,0,0,0,0,0,0,2,0,0,0,0,0,0,1,0,Low
16,16,0,2,0,0,0,2,1,3,0,2,2,0,0,0,1,2,1,0,High
9,6,2,0,0,2,0,2,2,0,1,1,1,0,0,0,0,0,1,0,Medium
1,0,1,0,0,1,0,0,0,0,0,0,0,0,0,0,0,0,1,0,Low
2,0,2,0,0,0,0,0,0,0,0,2,0,0,0,0,0,0,2,2,Low
0,0,2,0,0,2,0,0,0,0,0,1,0,0,0,0,0,0,1,0,Low
3,0,1,0,0,1,0,0,0,0,0,0,0,0,0,0,0,0,1,0,Medium
2,0,4,0,0,2,0,0,0,0,0,1,0,0,0,0,0,0,2,2,Low
1,0,1,0,0,1,0,0,0,0,0,0,0,0,0,0,0,0,1,0,Low
0,0,0,0,0,0,0,0,0,0,0,2,0,0,0,0,0,0,1,0,Low
6,4,0,0,0,0,0,2,0,0,0,2,2,0,0,0,0,0,1,0,Medium
3,0,3,0,0,3,0,0,0,0,0,3,0,0,0,0,0,0,1,0,Medium
1,0,1,0,0,0,0,0,0,0,0,2,0,0,0,0,0,0,0,1,Low
0,0,0,0,0,0,0,0,0,0,0,2,0,0,0,0,0,0,1,0,Low
78,75,3,3,3,3,3,3,3,3,3,3,3,3,3,3,3,3,1,0,High
1,0,1,0,0,1,0,0,0,0,0,0,0,0,0,0,0,0,1,0,Low
42,40,1,3,2,1,6,3,0,0,0,0,4,1,0,0,6,0,1,0,High
68,64,4,1,4,2,3,4,4,4,1,1,4,2,4,5,1,4,2,2,High
2,0,2,0,0,2,0,0,0,0,0,1,0,0,0,0,0,0,1,0,Low
1,0,1,0,0,0,0,0,0,0,0,2,0,0,0,0,0,0,0,1,Low
6,6,0,0,0,0,0,0,0,0,0,2,0,0,0,0,0,0,1,0,Medium
96,87,5,3,3,3,6,6,3,6,3,3,3,3,3,3,3,6,2,2,High
3,1,2,0,0,2,1,0,0,0,0,1,0,0,0,0,0,0,1,0,Medium
0,0,0,0,0,0,0,0,0,0,0,2,0,0,0,0,0,0,1,0,Low
6,0,4,0,0,3,0,0,0,0,0,3,0,0,0,0,0,0,0,1,Medium
4,0,2,0,0,2,0,0,0,0,0,1,0,0,0,0,0,0,1,0,Medium
4,0,2,0,0,2,0,0,0,0,0,1,0,0,0,0,0,0,1,0,Medium
10,7,1,0,2,1,1,0,0,0,0,0,0,1,0,1,0,0,1,0,Medium
80,80,3,3,4,2,3,3,3,3,3,1,3,3,3,3,3,4,0,1,High
0,0,0,0,0,0,0,0,0,0,0,2,0,0,0,0,0,0,1,0,Low
0,0,0,0,0,0,0,0,0,0,0,2,0,0,0,0,0,0,1,0,Low
37,31,4,1,5,2,1,1,0,1,5,1,0,1,3,1,1,1,2,2,High
2,0,0,0,0,0,0,0,0,0,0,2,0,0,0,0,0,0,1,0,Low
0,0,0,0,0,0,0,0,0,0,0,2,0,0,0,0,0,0,1,0,Low
-1,0,0,0,0,0,0,0,0,0,0,2,0,0,0,0,0,0,1,0,Low
76,75,0,3,3,0,3,3,3,3,3,2,3,3,3,3,3,3,1,0,High
4,0,2,0,0,2,0,0,0,0,0,1,0,0,0,0,0,0,1,0,Medium
0,0,0,0,0,0,0,0,0,0,0,2,0,0,0,0,0,0,1,0,Low
0,0,0,0,0,0,0,0,0,0,0,2,0,0,0,0,0,0,1,0,Low
0,0,0,0,0,0,0,0,0,0,0,2,0,0,0,0,0,0,1,0,Low
5,0,5,0,0,3,0,0,0,0,0,3,0,0,0,0,0,0,2,2,Medium
2,0,2,0,0,2,0,0,0,0,0,1,0,0,0,0,0,0,1,0,Low
3,0,3,0,0,3,0,0,0,0,0,3,0,0,0,0,0,0,1,0,Medium
2,0,0,0,0,0,0,0,0,0,0,2,0,0,0,0,0,0,1,0,Low
5,4,1,2,0,0,0,0,1,0,0,2,0,0,0,0,0,0,0,1,Medium
0,0,0,0,0,0,0,0,0,0,0,2,0,0,0,0,0,0,1,0,Low
0,0,0,0,0,0,0,0,0,0,0,2,0,0,0,0,0,0,1,0,Low
12,8,2,1,0,0,0,0,1,0,0,2,0,0,6,0,0,0,2,2,High
0,0,0,0,0,0,0,0,0,0,0,2,0,0,0,0,0,0,1,0,Low
3,0,3,0,0,3,0,0,0,0,0,3,0,0,0,0,0,0,1,0,Medium
2,0,2,0,0,2,0,0,0,0,0,1,0,0,0,0,0,0,1,0,Low
0,1,0,0,0,0,0,0,1,0,0,2,0,0,0,0,0,0,1,0,Low
0,0,0,0,0,0,0,0,0,0,0,2,0,0,0,0,0,0,1,0,Low
6,0,5,0,0,3,0,0,0,0,0,3,0,0,0,0,0,0,2,2,Medium
5,0,3,0,0,1,0,0,0,0,0,0,0,0,0,0,0,0,2,2,Medium
2,0,2,0,0,0,0,0,0,0,0,2,0,0,0,0,0,0,2,2,Low
1,0,1,0,0,0,0,0,0,0,0,2,0,0,0,0,0,0,0,1,Low
16,16,0,0,0,0,4,0,0,0,0,2,0,0,0,0,0,0,1,0,High
0,0,0,0,0,0,0,0,0,0,0,2,0,0,0,0,0,0,1,0,Low
27,22,3,3,4,1,5,0,4,0,1,0,1,0,0,0,1,0,2,2,High
0,0,1,0,0,1,0,0,0,0,0,0,0,0,0,0,0,0,1,0,Low
4,0,3,0,0,2,0,0,0,0,0,1,0,0,0,0,0,0,0,1,Medium
2,0,0,0,0,0,0,0,0,0,0,2,0,0,0,0,0,0,1,0,Low
75,75,0,3,3,0,3,3,3,3,3,2,3,3,3,3,3,3,1,0,High
2,0,2,0,0,2,0,0,0,0,0,1,0,0,0,0,0,0,1,0,Low
78,76,2,3,3,1,3,3,3,3,4,0,3,3,3,3,3,3,0,1,High
2,0,2,0,0,2,0,0,0,0,0,1,0,0,0,0,0,0,1,0,Low
22,18,4,0,6,3,0,0,6,2,0,3,0,0,2,0,0,2,0,1,High
-3,0,1,0,0,0,0,0,0,0,0,2,0,0,0,0,0,0,0,1,Low
5,3,2,0,2,2,0,0,0,0,0,1,1,0,0,0,0,0,1,0,Medium
1,0,1,0,0,1,0,0,0,0,0,0,0,0,0,0,0,0,1,0,Low
0,0,0,0,0,0,0,0,0,0,0,2,0,0,0,0,0,0,1,0,Low
31,31,0,0,3,0,0,0,2,4,6,2,0,3,0,2,0,5,1,0,High
-2,0,0,0,0,0,0,0,0,0,0,2,0,0,0,0,0,0,1,0,Low
2,0,2,0,0,2,0,0,0,0,0,1,0,0,0,0,0,0,1,0,Low
30,23,5,0,1,3,0,0,0,6,0,3,0,0,6,0,0,0,2,2,High
0,0,0,0,0,0,0,0,0,0,0,2,0,0,0,0,0,0,1,0,Low
0,0,0,0,0,0,0,0,0,0,0,2,0,0,0,0,0,0,1,0,Low
2,0,2,0,0,2,0,0,0,0,0,1,0,0,0,0,0,0,1,0,Low
26,21,5,0,2,3,1,0,4,0,0,3,0,0,0,4,0,0,2,2,High
0,0,0,0,0,0,0,0,0,0,0,2,0,0,0,0,0,0,1,0,Low
2,0,2,0,0,2,0,0,0,0,0,1,0,0,0,0,0,0,1,0,Low
1,0,1,0,0,0,0,0,0,0,0,2,0,0,0,0,0,0,0,1,Low
1,0,1,0,0,1,0,0,0,0,0,0,0,0,0,0,0,0,1,0,Low
5,1,2,0,0,2,0,0,0,0,1,1,0,0,0,0,0,0,1,0,Medium
-1,0,0,0,0,0,0,0,0,0,0,2,0,0,0,0,0,0,1,0,Low
8,3,4,0,0,3,0,0,1,0,0,3,0,0,0,0,0,0,0,1,Medium
0,0,0,0,0,0,0,0,0,0,0,2,0,0,0,0,0,0,1,0,Low
32,32,0,5,2,0,5,2,0,0,0,2,0,3,2,5,0,0,1,0,High
0,0,0,0,0,0,0,0,0,0,0,2,0,0,0,0,0,0,1,0,Low
8,6,0,0,0,0,0,0,2,0,0,2,0,0,0,0,0,0,1,0,Medium
8,9,1,0,1,1,1,0,0,0,0,0,1,0,1,0,1,1,1,0,Medium
2,0,0,0,0,0,0,0,0,0,0,2,0,0,0,0,0,0,1,0,Low
0,0,0,0,0,0,0,0,0,0,0,2,0,0,0,0,0,0,1,0,Low
4,2,1,0,1,1,0,0,0,0,0,0,0,0,0,0,0,0,1,0,Medium
-1,1,1,0,0,0,0,0,0,0,0,2,0,0,0,0,0,0,0,1,Low
2,0,4,0,0,2,0,0,0,0,0,1,0,0,0,0,0,0,2,2,Low
0,0,0,0,0,0,0,0,0,0,0,2,0,0,0,0,0,0,1,0,Low
-2,0,0,0,0,0,0,0,0,0,0,2,0,0,0,0,0,0,1,0,Low
2,0,0,0,0,0,0,0,0,0,0,2,0,0,0,0,0,0,1,0,Low
2,0,4,0,0,3,0,0,0,0,0,3,0,0,0,0,0,0,0,1,Low
1,1,0,0,0,0,0,0,0,0,0,2,0,0,0,0,0,0,1,0,Low
0,0,0,0,0,0,0,0,0,0,0,2,0,0,0,0,0,0,1,0,Low
0,0,0,0,0,0,0,0,0,0,0,2,0,0,0,0,0,0,1,0,Low
0,0,0,0,0,0,0,0,0,0,0,2,0,0,0,0,0,0,1,0,Low
5,0,3,0,0,2,0,0,0,0,0,1,0,0,0,0,0,0,0,1,Medium
107,102,4,3,2,2,6,4,4,2,6,1,6,0,6,6,6,4,2,2,High
2,0,0,0,0,0,0,0,0,0,0,2,0,0,0,0,0,0,1,0,Low
5,0,5,0,0,3,0,0,0,0,0,3,0,0,0,0,0,0,2,2,Medium
0,0,0,0,0,0,0,0,0,0,0,2,0,0,0,0,0,0,1,0,Low
0,0,0,0,0,0,0,0,0,0,0,2,0,0,0,0,0,0,1,0,Low
7,0,5,0,0,3,0,0,0,0,0,3,0,0,0,0,0,0,2,2,Medium
3,0,1,0,0,0,0,0,0,0,0,2,0,0,0,0,0,0,0,1,Medium
6,2,2,0,2,2,0,0,0,0,0,1,0,0,0,0,0,0,1,0,Medium
2,0,0,0,0,0,0,0,0,0,0,2,0,0,0,0,0,0,1,0,Low
12,8,3,0,2,2,0,1,2,1,0,1,1,0,0,0,0,1,0,1,High
6,2,4,0,0,3,0,0,0,0,0,3,0,0,0,0,1,0,0,1,Medium
33,29,4,1,5,2,1,1,1,1,1,1,0,1,1,1,1,1,2,2,High
13,8,5,0,1,3,0,0,6,0,0,3,0,0,0,0,0,0,2,2,High
0,0,0,0,0,0,0,0,0,0,0,2,0,0,0,0,0,0,1,0,Low
0,0,0,0,0,0,0,0,0,0,0,2,0,0,0,0,0,0,1,0,Low
1,0,1,0,0,1,0,0,0,0,0,0,0,0,0,0,0,0,1,0,Low
3,0,3,0,0,3,0,0,0,0,0,3,0,0,0,0,0,0,1,0,Medium
3,0,3,0,0,3,0,0,0,0,0,3,0,0,0,0,0,0,1,0,Medium
-1,0,0,0,0,0,0,0,0,0,0,2,0,0,0,0,0,0,1,0,Low
10,5,5,0,4,3,0,0,1,0,0,3,0,0,0,0,0,0,2,2,Medium
3,3,0,0,3,0,0,0,0,0,0,2,0,0,0,0,0,0,1,0,Medium
104,95,5,5,5,3,5,4,6,5,4,3,4,6,4,5,4,5,2,2,High
1,0,1,0,0,1,0,0,0,0,0,0,0,0,0,0,0,0,1,0,Low
8,6,2,0,0,2,0,0,1,0,2,1,1,1,0,0,0,1,1,0,Medium
10,6,3,1,0,1,0,0,0,0,0,0,0,0,1,1,1,0,2,2,Medium
5,0,5,0,0,3,0,0,0,0,0,3,0,0,0,0,0,0,2,2,Medium
3,0,3,0,0,3,0,0,0,0,0,3,0,0,0,0,0,0,1,0,Medium
3,0,3,0,0,3,0,0,0,0,0,3,0,0,0,0,0,0,1,0,Medium
4,5,1,0,0,1,0,0,0,0,1,0,0,0,0,0,1,0,1,0,Medium
-2,0,0,0,0,0,0,0,0,0,0,2,0,0,0,0,0,0,1,0,Low
12,9,3,0,1,1,0,0,2,0,0,0,1,0,0,0,0,1,2,2,High
6,2,4,0,0,3,0,0,1,1,0,3,0,0,0,0,0,0,0,1,Medium
4,2,2,0,0,2,0,0,0,1,1,1,0,0,0,0,0,0,1,0,Medium
-1,0,0,0,0,0,0,0,0,0,0,2,0,0,0,0,0,0,1,0,Low
0,0,1,0,0,0,0,0,0,0,0,2,0,0,0,0,0,0,0,1,Low
0,0,0,0,0,0,0,0,0,0,0,2,0,0,0,0,0,0,1,0,Low
4,0,4,0,0,2,0,0,0,0,0,1,0,0,0,0,0,0,2,2,Medium
9,3,5,0,0,3,1,1,0,0,0,3,1,0,0,0,0,0,2,2,Medium
2,0,2,0,0,0,0,0,0,0,0,2,0,0,0,0,0,0,2,2,Low
54,50,4,2,2,2,2,2,2,2,2,1,2,2,2,2,2,2,2,2,High
3,0,3,0,0,3,0,0,0,0,0,3,0,0,0,0,0,0,1,0,Medium
3,0,3,0,0,3,0,0,0,0,0,3,0,0,0,0,0,0,1,0,Medium
3,0,3,0,0,3,0,0,0,0,0,3,0,0,0,0,0,0,1,0,Medium
2,0,1,0,0,1,0,0,0,0,0,0,0,0,0,0,0,0,1,0,Low
2,0,1,0,0,1,0,0,0,0,0,0,0,0,0,0,0,0,1,0,Low
3,0,5,0,0,3,0,0,0,0,0,3,0,0,0,0,0,0,2,2,Medium
2,4,0,0,0,0,0,0,0,0,0,2,0,0,0,0,0,1,1,0,Low
5,0,4,0,0,3,0,0,0,0,0,3,0,0,0,0,0,0,0,1,Medium
-1,0,0,0,0,0,0,0,0,0,0,2,0,0,0,0,0,0,1,0,Low
4,0,2,0,0,2,0,0,0,0,0,1,0,0,0,0,0,0,1,0,Medium
6,1,5,0,0,3,0,0,0,0,1,3,0,0,0,0,0,0,2,2,Medium
0,0,0,0,0,0,0,0,0,0,0,2,0,0,0,0,0,0,1,0,Low
0,0,0,0,0,0,0,0,0,0,0,2,0,0,0,0,0,0,1,0,Low
1,0,1,0,0,1,0,0,0,0,0,0,0,0,0,0,0,0,1,0,Low
6,0,2,0,0,2,0,0,0,0,0,1,0,0,0,0,0,0,1,0,Medium
9,7,4,0,0,3,0,2,0,0,0,3,1,0,0,0,0,2,0,1,Medium
3,0,3,0,0,3,0,0,0,0,0,3,0,0,0,0,0,0,1,0,Medium
23,17,5,1,1,3,1,0,1,0,2,3,1,1,0,1,0,2,2,2,High
77,75,2,0,6,2,2,5,1,4,5,1,4,3,3,2,5,5,1,0,High
122,119,3,4,4,3,4,6,6,4,3,3,4,5,5,5,5,5,1,0,High
156,148,5,6,6,3,6,6,6,6,6,3,6,6,6,6,6,6,2,2,High
-1,0,1,0,0,0,0,0,0,0,0,2,0,0,0,0,0,0,0,1,Low
132,129,3,5,5,1,5,4,5,4,5,0,5,5,5,5,6,4,2,2,High
1,1,2,0,0,2,0,0,0,0,0,1,0,0,0,0,0,1,1,0,Low
119,117,4,4,6,2,3,4,5,4,3,1,6,5,4,6,5,5,2,2,High
114,113,3,4,5,1,5,5,3,5,5,0,5,6,4,3,5,6,2,2,High
121,120,5,5,6,3,4,5,6,5,4,3,4,4,5,4,5,5,2,2,High
65,62,3,5,2,3,5,3,4,0,5,3,4,1,3,2,1,5,1,0,High
3,0,3,0,0,3,0,0,0,0,0,3,0,0,0,0,0,0,1,0,Medium
3,0,3,0,0,3,0,0,0,0,0,3,0,0,0,0,0,0,1,0,Medium
50,53,0,2,2,0,3,2,2,3,3,2,2,2,3,1,2,2,1,0,High
14,13,1,0,1,0,0,0,0,0,0,2,0,0,0,0,0,0,0,1,High
77,77,0,5,0,0,6,6,5,6,5,2,6,6,5,0,6,0,1,0,High
125,124,5,5,6,3,4,6,4,4,5,3,6,5,5,4,5,5,2,2,High
52,56,0,0,3,0,0,3,0,6,3,2,4,1,3,0,3,6,1,0,High
122,119,5,6,5,3,6,5,4,4,4,3,6,5,5,4,6,5,2,2,High
151,150,3,6,6,3,6,6,6,6,6,3,6,6,6,6,6,6,1,0,High
94,92,2,3,6,2,6,3,3,6,3,1,3,5,6,3,3,3,1,0,High
0,0,0,0,0,0,0,0,0,0,0,2,0,0,0,0,0,0,1,0,Low
-1,0,0,0,0,0,0,0,0,0,0,2,0,0,0,0,0,0,1,0,Low
4,1,3,0,0,3,0,0,1,0,0,3,0,0,0,0,0,0,1,0,Medium
4,0,2,0,0,2,0,0,0,0,0,1,0,0,0,0,0,0,1,0,Medium
1,0,2,0,0,2,0,0,0,0,0,1,0,0,0,0,0,0,1,0,Low
2,0,4,0,0,3,0,0,0,0,0,3,0,0,0,0,0,0,0,1,Low
0,0,0,0,0,0,0,0,0,0,0,2,0,0,0,0,0,0,1,0,Low
-1,0,1,0,0,1,0,0,0,0,0,0,0,0,0,0,0,0,1,0,Low
76,75,0,3,3,0,3,3,3,3,3,2,3,3,3,3,3,3,1,0,High
5,0,3,0,0,3,0,0,0,0,0,3,0,0,0,0,0,0,1,0,Medium
2,0,2,0,0,2,0,0,0,0,0,1,0,0,0,0,0,0,1,0,Low
3,0,1,0,0,1,0,0,0,0,0,0,0,0,0,0,0,0,1,0,Medium
52,50,3,2,2,3,2,2,2,2,2,3,2,2,2,2,2,2,1,0,High
1,0,1,0,0,0,0,0,0,0,0,2,0,0,0,0,0,0,0,1,Low
2,1,1,0,0,1,0,0,0,0,0,0,0,0,0,0,0,0,1,0,Low
-2,0,1,0,0,0,0,0,0,0,0,2,0,0,0,0,0,0,0,1,Low
54,49,5,0,6,3,0,6,6,6,6,3,6,0,0,0,6,6,2,2,High
9,4,3,0,4,3,0,0,0,0,0,3,0,0,0,0,0,0,1,0,Medium
2,0,3,0,0,3,0,0,0,0,0,3,0,0,0,0,0,0,1,0,Low
115,113,4,4,5,2,4,4,3,4,4,1,4,4,5,5,6,4,2,2,High
78,77,3,3,3,3,4,4,3,3,3,3,3,3,3,3,3,3,1,0,High
123,124,0,5,5,0,5,5,5,5,5,2,5,5,5,5,5,5,1,0,High
6,6,0,0,0,0,0,0,6,0,0,2,0,0,0,0,0,0,1,0,Medium
6,6,0,0,0,0,0,0,6,0,0,2,0,0,0,0,0,0,1,0,Medium
0,0,1,0,0,0,0,0,0,0,0,2,0,0,0,0,0,0,0,1,Low
2,0,2,0,0,2,0,0,0,0,0,1,0,0,0,0,0,0,1,0,Low
0,2,0,0,0,0,0,0,2,0,0,2,0,0,0,0,0,0,1,0,Low
4,5,1,0,0,1,5,0,0,0,0,0,0,0,0,0,0,0,1,0,Medium
58,59,3,2,4,2,6,4,0,4,4,1,4,4,4,0,1,4,0,1,High
72,74,2,6,6,2,4,1,0,2,2,1,0,3,3,5,4,0,1,0,High
0,0,0,0,0,0,0,0,0,0,0,2,0,0,0,0,0,0,1,0,Low
36,34,2,2,0,2,1,1,6,1,1,1,1,1,1,2,1,1,1,0,High
-1,0,1,0,0,1,0,0,0,0,0,0,0,0,0,0,0,0,1,0,Low
-2,0,0,0,0,0,0,0,0,0,0,2,0,0,0,0,0,0,1,0,Low
1,0,3,0,0,3,0,0,0,0,0,3,0,0,0,0,0,0,1,0,Low
5,2,3,0,0,3,0,0,0,0,0,3,0,0,0,0,0,0,1,0,Medium
94,88,4,4,2,3,4,4,2,4,5,3,5,4,5,4,4,4,0,1,High
81,78,3,3,3,3,3,3,3,4,3,3,3,3,3,3,3,3,1,0,High
14,12,2,1,0,2,1,0,1,0,0,1,0,1,0,1,0,0,1,0,High
8,10,0,0,0,0,0,0,1,1,2,2,1,1,1,0,0,0,1,0,Medium
3,0,3,0,0,3,0,0,0,0,0,3,0,0,0,0,0,0,1,0,Medium
76,75,3,3,3,3,3,3,3,3,3,3,3,3,3,3,3,3,1,0,High
0,0,2,0,0,0,0,0,0,0,0,2,0,0,0,0,0,0,2,2,Low
1,1,2,0,0,0,0,0,0,0,0,2,0,0,0,1,0,0,2,2,Low
65,65,2,3,1,2,3,3,3,3,3,1,3,3,3,2,3,4,1,0,High
53,52,3,2,0,1,6,5,1,2,2,0,1,1,2,6,3,1,2,2,High
-2,0,0,0,0,0,0,0,0,0,0,2,0,0,0,0,0,0,1,0,Low
4,0,3,0,0,1,0,0,0,0,0,0,0,0,0,0,0,0,2,2,Medium
0,0,2,0,0,0,0,0,0,0,0,2,0,0,0,0,0,0,2,2,Low
51,52,3,2,2,3,2,2,2,2,2,3,2,2,2,2,2,2,1,0,High
1,0,2,0,0,2,0,0,0,0,0,1,0,0,0,0,0,0,1,0,Low
40,40,0,1,4,0,0,2,0,2,0,2,5,4,1,0,6,0,1,0,High
2,0,2,0,0,2,0,0,0,0,0,1,0,0,0,0,0,0,1,0,Low
90,92,2,1,0,0,6,5,6,4,5,2,5,2,1,1,5,6,2,2,High
101,100,2,4,4,2,4,4,4,4,4,1,4,4,4,4,4,4,1,0,High
77,75,2,3,3,2,3,3,3,3,3,1,3,3,3,3,3,3,1,0,High
91,86,3,0,1,3,6,0,6,0,5,3,0,6,6,6,6,6,1,0,High
1,0,1,0,0,1,0,0,0,0,0,0,0,0,0,0,0,0,1,0,Low
3,1,2,0,0,0,0,0,0,0,0,2,1,0,0,0,0,0,2,2,Medium
150,150,2,6,6,0,6,6,6,6,6,2,6,6,6,6,6,6,2,2,High
69,66,2,2,0,0,5,4,1,4,5,2,4,4,4,6,5,2,2,2,High
13,11,2,0,0,2,0,0,2,1,0,1,1,1,0,0,1,0,1,0,High
2,0,2,0,0,2,0,0,0,0,0,1,0,0,0,0,0,0,1,0,Low
26,21,3,0,1,3,5,0,0,0,0,3,0,0,3,6,0,0,1,0,High
3,0,3,0,0,3,0,0,0,0,0,3,0,0,0,0,0,0,1,0,Medium
12,9,3,0,1,2,1,1,1,0,0,1,1,0,1,0,0,1,0,1,High
23,19,3,6,1,3,0,0,0,0,0,3,0,0,0,6,0,0,1,0,High
11,11,0,0,0,0,0,0,0,0,0,2,5,0,0,0,0,0,1,0,Medium
14,11,3,0,0,3,1,1,1,0,1,3,1,1,0,1,0,1,1,0,High
-3,1,0,0,0,0,0,0,0,0,0,2,0,1,0,0,0,0,1,0,Low
148,150,0,6,6,0,6,6,6,6,6,2,6,6,6,6,6,6,1,0,High
4,3,1,0,0,1,0,0,0,1,0,0,0,0,0,0,0,0,1,0,Medium
99,100,3,4,4,1,4,4,4,4,4,0,4,4,4,4,4,4,2,2,High
105,106,1,4,4,1,4,4,4,4,4,0,4,4,4,6,4,4,1,0,High
1,2,1,0,0,1,1,0,0,0,0,0,0,1,0,0,0,0,1,0,Low
126,125,3,5,5,1,5,5,5,5,5,0,5,5,5,5,5,5,2,2,High
11,6,5,0,0,3,0,0,0,0,0,3,0,0,6,0,0,0,2,2,Medium
-2,0,0,0,0,0,0,0,0,0,0,2,0,0,0,0,0,0,1,0,Low
1,0,1,0,0,1,0,0,0,0,0,0,0,0,0,0,0,0,1,0,Low
1,1,2,0,0,0,0,0,0,0,0,2,0,0,0,0,0,0,2,2,Low
2,0,2,0,0,2,0,0,0,0,0,1,0,0,0,0,0,0,1,0,Low
0,0,0,0,0,0,0,0,0,0,0,2,0,0,0,0,0,0,1,0,Low
5,0,5,0,0,3,0,0,0,0,0,3,0,0,0,0,0,0,2,2,Medium
0,0,2,0,0,1,0,0,0,0,0,0,0,0,0,0,0,0,0,1,Low
3,0,3,0,0,3,0,0,0,0,0,3,0,0,0,0,0,0,1,0,Medium
0,0,0,0,0,0,0,0,0,0,0,2,0,0,0,0,0,0,1,0,Low
3,0,3,0,0,3,0,0,0,0,0,3,0,0,0,0,0,0,1,0,Medium
31,26,4,0,2,3,5,5,5,0,0,3,0,2,0,1,0,4,0,1,High
4,0,4,0,0,2,0,0,0,0,0,1,0,0,0,0,0,0,2,2,Medium
3,0,3,0,0,3,0,0,0,0,0,3,0,0,0,0,0,0,1,0,Medium
3,0,3,0,0,3,0,0,0,0,0,3,0,0,0,0,0,0,1,0,Medium
28,26,0,1,2,0,1,1,1,1,1,2,1,1,1,1,1,1,1,0,High
119,117,2,4,6,1,5,6,3,5,4,0,6,5,6,5,6,4,0,1,High
3,0,3,0,0,2,0,0,0,0,0,1,0,0,0,0,0,0,0,1,Medium
0,0,0,0,0,0,0,0,0,0,0,2,0,0,0,0,0,0,1,0,Low
1,1,0,0,0,0,0,0,0,0,0,2,0,0,0,0,0,0,1,0,Low
-1,0,1,0,0,1,0,0,0,0,0,0,0,0,0,0,0,0,1,0,Low
3,0,3,0,0,2,0,0,0,0,0,1,0,0,0,0,0,0,0,1,Medium
9,5,4,0,5,2,0,0,0,0,0,1,0,0,0,0,0,0,2,2,Medium
113,107,5,6,5,3,6,6,6,4,5,3,3,4,6,6,6,3,2,2,High
2,0,2,0,0,2,0,0,0,0,0,1,0,0,0,0,0,0,1,0,Low
6,6,0,0,0,0,0,0,0,0,0,2,0,0,0,0,0,0,1,0,Medium
99,100,1,4,4,0,4,4,4,4,4,2,4,4,4,4,4,4,0,1,High
-2,0,0,0,0,0,0,0,0,0,0,2,0,0,0,0,0,0,1,0,Low
2,0,2,0,0,2,0,0,0,0,0,1,0,0,0,0,0,0,1,0,Low
0,0,0,0,0,0,0,0,0,0,0,2,0,0,0,0,0,0,1,0,Low
1,0,3,0,0,3,0,0,0,0,0,3,0,0,0,0,0,0,1,0,Low
66,68,0,2,3,0,2,2,4,3,3,2,3,2,3,2,2,2,1,0,High
7,9,0,0,0,0,0,1,1,1,0,2,0,1,0,0,1,0,1,0,Medium
5,2,3,0,0,3,0,0,0,0,0,3,0,1,0,0,0,0,1,0,Medium
52,53,3,0,6,3,1,4,0,5,1,3,1,5,2,0,0,0,1,0,High
102,100,2,4,4,2,4,4,4,4,4,1,4,4,4,4,4,4,1,0,High
130,125,5,4,6,3,4,6,6,5,4,3,5,5,6,6,5,5,2,2,High
134,134,0,6,6,0,6,5,6,4,4,2,5,6,5,6,4,6,1,0,High
156,148,5,6,6,3,6,6,6,6,6,3,6,6,6,6,6,6,2,2,High
37,36,3,0,0,3,1,3,0,3,2,3,2,1,3,1,2,1,1,0,High
